-- ADD departments
INSERT INTO department(NAME) VALUES ('none'), ('Exploration'), ('Business'), ('Security'), ('Resources'), ('Social'), ('Support'), ('Public Relations');
-- ADD division
INSERT INTO division(NAME, DEPARTMENT_ID) VALUES ('none', 1), ('none', 2), ('none', 3), ('none', 4), ('none', 5), ('none', 6), ('none', 7), ('none', 8), ('Cartography', 2), ('Prospecting', 2), ('Research', 2), ('Contracts', 3), ('Finance', 3), ('Trade', 3), ('CSOC', 4), ('Ground Security', 4), ('Repo', 4), ('Space Security', 4), ('Development', 5), ('Extraction', 5), ('Transport', 5), ('Diplomacy', 6), ('Human Resources', 6), ('Training', 6), ('CSAR', 7), ('Engineering', 7), ('IT', 7), ('e-Sports', 8), ('Media', 8);      
-- ADD influence and demerits
INSERT INTO influence_type(NAME) VALUES ('INFLUENCE'), ('DEMERITS');
-- ADD ranks
INSERT INTO `rank`(NAME, RANK_LEVEL, BUYING_ALLOWED, INFLUENCE_TO_BUY, TRIBUTES_PER_WEEK) VALUES ('Junior Associate', 0, 0, 0, 50), ('Associate', 1, 0, 500, 100), ('Senior Associate', 2, 0, 1000, 200), ('Manager', 3, 0, 0, 400), ('Director', 4, 0, 0, 800), ('Board Member', 5, 0, 0, 1600), ('CEO', 6, 0, 0, 1600);
-- TESTING ADD sample corporateers
INSERT INTO corporateer(NAME, LIFETIME_INFLUENCE, TOTAL_INFLUENCE, TRIBUTES, MAIN_DIVISION_ID, RANK_ID) VALUES ('Tag-Bot', 0, 0, 50, 1, 1), ('Weyland', 0, 0, 50, 1, 1), ('Zollak', 0, 0, 50, 1, 1);

-- ADD influence
INSERT INTO influence(AMOUNT, CORPORATEER_ID, DIVISION_ID, TYPE_ID) VALUES (0, 1, 1, 1), (0, 1, 2, 1), (0, 1, 3, 1), (0, 1, 4, 1), (0, 1, 5, 1), (0, 1, 6, 1), (0, 1, 7, 1), (0, 1, 8, 1), (0, 1, 9, 1), (0, 1, 10, 1), (0, 1, 11, 1), (0, 1, 12, 1), (0, 1, 13, 1), (0, 1, 14, 1), (0, 1, 15, 1), (0, 1, 16, 1), (0, 1, 17, 1), (0, 1, 18, 1), (0, 1, 19, 1), (0, 1, 20, 1), (0, 1, 21, 1), (0, 1, 22, 1), (0, 1, 23, 1), (0, 1, 24, 1), (0, 1, 25, 1), (0, 1, 26, 1), (0, 1, 27, 1), (0, 1, 28, 1), (0, 1, 29, 1),(0, 1, 1, 2), (0, 1, 2, 2), (0, 1, 3, 2), (0, 1, 4, 2), (0, 1, 5, 2), (0, 1, 6, 2), (0, 1, 7, 2), (0, 1, 8, 2), (0, 1, 9, 2), (0, 1, 10, 2), (0, 1, 11, 2), (0, 1, 12, 2), (0, 1, 13, 2), (0, 1, 14, 2), (0, 1, 15, 2), (0, 1, 16, 2), (0, 1, 17, 2), (0, 1, 18, 2), (0, 1, 19, 2), (0, 1, 20, 2), (0, 1, 21, 2), (0, 1, 22, 2), (0, 1, 23, 2), (0, 1, 24, 2), (0, 1, 25, 2), (0, 1, 26, 2), (0, 1, 27, 2), (0, 1, 28, 2), (0, 1, 29, 2),(0, 2, 1, 1), (0, 2, 2, 1), (0, 2, 3, 1), (0, 2, 4, 1), (0, 2, 5, 1), (0, 2, 6, 1), (0, 2, 7, 1), (0, 2, 8, 1), (0, 2, 9, 1), (0, 2, 10, 1), (0, 2, 11, 1), (0, 2, 12, 1), (0, 2, 13, 1), (0, 2, 14, 1), (0, 2, 15, 1), (0, 2, 16, 1), (0, 2, 17, 1), (0, 2, 18, 1), (0, 2, 19, 1), (0, 2, 20, 1), (0, 2, 21, 1), (0, 2, 22, 1), (0, 2, 23, 1), (0, 2, 24, 1), (0, 2, 25, 1), (0, 2, 26, 1), (0, 2, 27, 1), (0, 2, 28, 1), (0, 2, 29, 1),(0, 2, 1, 2), (0, 2, 2, 2), (0, 2, 3, 2), (0, 2, 4, 2), (0, 2, 5, 2), (0, 2, 6, 2), (0, 2, 7, 2), (0, 2, 8, 2), (0, 2, 9, 2), (0, 2, 10, 2), (0, 2, 11, 2), (0, 2, 12, 2), (0, 2, 13, 2), (0, 2, 14, 2), (0, 2, 15, 2), (0, 2, 16, 2), (0, 2, 17, 2), (0, 2, 18, 2), (0, 2, 19, 2), (0, 2, 20, 2), (0, 2, 21, 2), (0, 2, 22, 2), (0, 2, 23, 2), (0, 2, 24, 2), (0, 2, 25, 2), (0, 2, 26, 2), (0, 2, 27, 2), (0, 2, 28, 2), (0, 2, 29, 2),(0, 3, 1, 1), (0, 3, 2, 1), (0, 3, 3, 1), (0, 3, 4, 1), (0, 3, 5, 1), (0, 3, 6, 1), (0, 3, 7, 1), (0, 3, 8, 1), (0, 3, 9, 1), (0, 3, 10, 1), (0, 3, 11, 1), (0, 3, 12, 1), (0, 3, 13, 1), (0, 3, 14, 1), (0, 3, 15, 1), (0, 3, 16, 1), (0, 3, 17, 1), (0, 3, 18, 1), (0, 3, 19, 1), (0, 3, 20, 1), (0, 3, 21, 1), (0, 3, 22, 1), (0, 3, 23, 1), (0, 3, 24, 1), (0, 3, 25, 1), (0, 3, 26, 1), (0, 3, 27, 1), (0, 3, 28, 1), (0, 3, 29, 1),(0, 3, 1, 2), (0, 3, 2, 2), (0, 3, 3, 2), (0, 3, 4, 2), (0, 3, 5, 2), (0, 3, 6, 2), (0, 3, 7, 2), (0, 3, 8, 2), (0, 3, 9, 2), (0, 3, 10, 2), (0, 3, 11, 2), (0, 3, 12, 2), (0, 3, 13, 2), (0, 3, 14, 2), (0, 3, 15, 2), (0, 3, 16, 2), (0, 3, 17, 2), (0, 3, 18, 2), (0, 3, 19, 2), (0, 3, 20, 2), (0, 3, 21, 2), (0, 3, 22, 2), (0, 3, 23, 2), (0, 3, 24, 2), (0, 3, 25, 2), (0, 3, 26, 2), (0, 3, 27, 2), (0, 3, 28, 2), (0, 3, 29, 2);

-- ADD users
INSERT INTO `user` (`id`, `clear_text`, `email`, `enabled`, `password`, `username`, `corporateer_id`) VALUES (1, 'H7gg5IEn', 'tagbot@thecorporateer.com', b'1', '$2a$10$LLPt8UiOTtadAm6CfOaHie5cdKpHrODa6YqlYkb1LDGNlT7tuDKx6', 'tagbot', 1), (2, '6sY3Ikum', 'weyland@thecorporateer.com', b'1', '$2a$10$a3I.6GIaPLEV/88o2ZmkjeDxE256MJJxvpA9SQHsp2ntXQg3qPsLC', 'Weyland', 2), (3, 'c7TrLCX0', 'zollak@thecorporateer.com', b'1', '$2a$10$MIXHfSe/0aSaqRmZE.HiMeePU8Tu.upG8XPVEi2UNCnIcNw9WGSHS', 'Zollak', 3);

INSERT INTO authority (ID, NAME) VALUES (1, 'ROLE_USER');
INSERT INTO authority (ID, NAME) VALUES (2, 'ROLE_ADMIN');

INSERT INTO user_authority (USER_ID, AUTHORITY_ID) VALUES (1, 1);
INSERT INTO user_authority (USER_ID, AUTHORITY_ID) VALUES (1, 2);
INSERT INTO user_authority (USER_ID, AUTHORITY_ID) VALUES (2, 1);
INSERT INTO user_authority (USER_ID, AUTHORITY_ID) VALUES (2, 2);
INSERT INTO user_authority (USER_ID, AUTHORITY_ID) VALUES (3, 1);
INSERT INTO user_authority (USER_ID, AUTHORITY_ID) VALUES (3, 2);